author_id,first_name,middle_name,last_name
3,Alecos,,Papadatos
4,Paul,C.van,Oorschot
5,David,,Cronin
6,Richard,,Blum
7,Yuval,Noah,Harari
8,Paul,,Albitz
9,David,,Beazley
10,John,Paul,Shen
11,Andrew,,Miller
12,Melanie,,Swan
13,Neal,,Ford
14,Nir,,Shavit
15,Tim,,Kindberg
16,Mike,,McQuaid
17,Brian,P.,Hogan
18,Jean-Philippe,,Aumasson
19,Lance,,Fortnow
20,Richard,C.,Jeffrey
21,William,L.,Simon
22,Magnus,Lie,Hetland
23,Mike,,McShaffry
24,Norman,,Matloff
25,John,E.,Hopcroft
26,S.,,Sudarshan
27,Bruce,,Eckel
28,Bill,,Gates
29,Shane,,Harvie
30,Ralph,P.,Grimaldi
31,Garry,,Kasparov
32,Lawrence,C.,Paulson
33,Donella,H.,Meadows
34,Maria,,Levitin
35,Joy,A.,Thomas
36,Scott,,Rosenberg
37,Mark,,Nelson
38,Hal,,Abelson
39,Ray,,Seyfarth
40,Fred,,Turner
41,Andrew,,Honig
42,Helen,,Sharp
43,Katie,,Hafner
44,Christopher,,Negus
45,Ralph,,Kimball
46,Trent,R.,Hein
47,Venkat,,Subramaniam
48,Simon,J.D.,Prince
50,Stephen,,Wolfram
51,Jennifer,,Petoff
52,Massimo,,Banzi
53,Mickey,,Petersen
54,Ethem,,Alpaydin
55,Ytaelena,,LA3pez
56,John,L.,Hennessy
57,Cameron,,Moll
58,Jamie,,Levy
59,Janet,,Gregory
60,Jenifer,,Tidwell
61,Steven,S.,Skiena
62,Jimmy,,Soni
63,Tracy,,Kidder
64,Douglas,R.,Hofstadter
65,Zed,,Shaw
66,Yoav,,Shoham
67,Danny,,Goodman
68,Bert,,Bates
69,David,,Gries
70,Eric,,Newcomer
71,Jim,R.,Wilson
72,Maarten,van,Steen
73,Tsung-Hsien,,Lee
74,M.,Mitchell,Waldrop
75,George,,Pólya
76,Richard,S.,Bird
77,Ben,,Collins-Sussman
78,Micha,,Gorelick
79,Christopher,T.,Haynes
80,Carlos,,Bueno
81,Michael,L.,Scott
82,William,Jr.,Gwaltney
83,Binu,,John
84,Dan,,Bader
85,Chris,,Smith
86,Andrew,,Stellman
87,Kevin,,Poulsen
88,Peter,,Linz
89,Jim,,OGorman
90,Ali,,Almossawi
91,David,,Robson
92,Brad,,Abrams
93,Timothy,,Downs
94,Kyle,,Loudon
95,Robert,,Eckstein
96,Wolfgang,,Banzhaf
97,Mike,,Beedle
98,Luke,,Ruth
99,Brad,,Stone
100,David,,Gourley
101,Greg,,Kroah-Hartman
102,Jurgen,,Appelo
103,Eric,,Ries
104,Ian,,Parberry
105,Johan,,Vromans
106,Corey,,Sandler
107,Devon,,Kearns
108,Steven,,Feiner
109,Kevlin,,Henney
110,Abraham,,Silberschatz
111,Mark,,Russinovich
112,Carl,,Eastlund
113,Hans,,Langtangen
114,Carin,,Meier
115,Rebecca,,Wirfs-Brock
116,Lasse,,Koskela
117,David,,Chelimsky
118,Why,Stiff,Lucky
119,Christopher,,Hadnagy
120,Sebastian,,Raschka
121,Henk,,Barendregt
122,Tobias,,Nipkow
123,Chris,,Bernhardt
124,Joost-Pieter,,Katoen
125,R.G.,,Dromey
126,Andrew,,McAfee
127,Jeff,,Hawkins
128,Paul,,Deitel
129,Albert,,Meyer
130,Angus,,Croll
131,Jason,,Hickey
132,Nathan,,Marz
133,Miguel,,Revilla
134,Maurice,,Herlihy
135,Gareth,,James
136,Hanne,,Nielson
137,Vern,,Ceder
138,Matt,,Pharr
139,Joe,,Armstrong
140,Mati,,Aharoni
141,Patrick,,Debois
142,Sandi,,Metz
143,Benedikt,,GroAY
144,Peter,,Sanders
145,Baron,,Schwartz
146,Paul,,Clements
147,Scott,,Ambler
148,R.,,Dybvig
149,Stephen,,Figgins
150,Stephan,,Mertens
151,Cay,,Horstmann
152,Luis,,Atencio
153,Michael,,Nielsen
154,Aaron,,Courville
155,W.H.,,Feijen
156,Richard,,Bejtlich
157,Peter,,Bruce
158,Adam,,Gibson
159,Vernon,,Ceder
160,Patrick,,Winston
161,Scott,,Vanstone
162,Jon,,Duckett
163,Nick,,Bostrom
164,Michael,,Dahlin
165,Eric,,Meyer
166,David,,Harel
167,Claude,,Shannon
168,Daryl,,Harms
169,Dan,,North
170,Roberto,,Tamassia
171,Paul,,Freiberger
172,George,,Heineman
173,Jeffrey,,Yost
174,Matt,,Weisfeld
175,Luciano,,Ramalho
176,Mary,,Poppendieck
177,M.,,Ozsu
178,Emily,,Chang
179,Douglas,,Stinson
180,Sara,,Wachter-Boettcher
181,Rajeev,,Motwani
182,John,,Sonmez
183,Y.,,Liang
184,Stanley,,Selkow
185,Christopher,,Duncan
186,Michael,,Whitman
187,Ron,,Jeffries
188,Johannes,,Braams
189,SaA!a,,Juric
190,Peter,,Thiel
191,Steve,,Souders
192,Jerome,,Friedman
193,Scott,,Mueller
194,Mark,,Dowd
195,Kelli,,Houston
196,Hinrich,,Schütze
197,Ethan,,Marcotte
198,Mark,,Pilgrim
199,Martin,,Davis
200,Craig,,Sharkie
201,Addy,,Osmani
202,N.,,Friedman
203,Daniel,,Rose
204,Chris,,Houser
205,Linus,,Torvalds
206,Matthew,,Helmke
207,John,,Battelle
208,Jon,,Kleinberg
209,Alan,,Cooper
210,Yoshua,,Bengio
211,Henrik,,Kniberg
212,Anshul,,Gupta
213,Judith,,Gersting
214,Jared,,Spool
215,William,,Brown
216,Ward,,Cunningham
217,Wladston,,Filho
218,Johnny,,Long
219,Cathy,,ONeil
220,June,,Barrow-Green
221,Jason,,Williams
222,Edward,,Skoudis
223,Jérémie,,Zimmermann
224,Mario,,Fusco
225,Jason,,Gregory
226,Micah,,Martin
227,Lloyd,,Trefethen
228,Erwin,,Schrödinger
229,Chris,,Dannen
230,Shlomo,,Angel
231,Tom,,Badgett
232,Shon,,Harris
233,Brian,,Krebs
234,Graham,,Hutton
235,Ross,,Anderson
236,Linda,,Torczon
237,Steve,,Freeman
238,Simson,,Garfinkel
239,Ilya,,Grigorik
240,Jan,,Eijck
241,Philip,,Bernstein
242,Larry,,Ullman
243,Michael,,Feathers
244,Linda,,
245,Martin,,Ford
246,Sandro,,Mancuso
248,Donald,,Rubin
249,Steve,,Matyas
250,Richard,,Woods
251,Tim,,Roughgarden
252,Jeff,,Edmonds
253,Eoin,,Woods
254,Brian,,Fitzpatrick
255,N.,,Mermin
256,Karl,,Seguin
257,Leo,,Brodie
258,Robert,,Sebesta
259,Janet,,Valade
260,Bill,,Fenner
261,Lorna,,Mitchell
262,Satya,,Nadella
263,Dan,,Cederholm
264,Bryan,,Helmkamp
265,Dale,,Dougherty
266,Ka,,Cheung
267,Mark,,Lutz
268,Tom,,Phoenix
269,Mark,,Hamstra
270,Gayle,,McDowell
271,Michael,,Swaine
272,Yvonne,,Rogers
273,Edmond,,Lau
274,Mike,,Clark
275,Gordon,,Blair
276,Mark,,Ciampa
277,Pramod,,Sadalage
278,Subrata,,Dasgupta
279,Stuart,,McClure
280,Gary,,Bradski
281,Brian,,Lonsdorf
282,Jesse,,Robbins
283,Steven,,Pinker
284,David,,Stork
285,Luke,,Wroblewski
286,Graham,,Lee
287,J.,,Adams
288,Stephen,,Thorne
289,Dmitry,,Jemerov
290,Thomas,,Connolly
291,J.,,Brookshear
292,W.,,Hillis
293,Petar,,Tahchiev
294,Arnold,,Robbins
295,Chris,,Hankin
296,Jack,,Moffett
297,Andreas,,Wittig
298,Kjell,,Johnson
299,Christine,,Bresnahan
300,Tom,,Christiansen
301,Harvey,,Deitel
302,Allan,,Friedman
303,Tom,,DeMarco
304,Chris,,Rowley
305,Chris,,Eagle
306,Gina,,Smith
307,David,,LeBlanc
308,Andrea,,Arpaci-Dusseau
309,Martin,,Reddy
310,Eliezer,,Yudkowsky
311,Alfred,,Aho
312,John,,Maeda
313,Janna,,Levin
314,Christopher,,Cunningham
315,Flemming,,Nielson
316,Anne,,Troelstra
317,Hartley,,Rogers
318,Jonathan,,Katz
319,Cory,,Althoff
320,Betty,,Toole
321,H.,,Schwichtenberg
322,Sara,,Ishikawa
323,Dennis,,Shasha
324,Daniela,,Witten
325,Nilanjan,,Raychaudhuri
326,Avdi,,Grimm
327,Martin,,Fowler
328,Brian,,Carper
329,Mat,,Buckland
330,Amit,,Prakash
331,V.,,Spraul
332,Craig,,Martell
333,Svetlana,,Isakova
334,James,,Trott
335,Kenneth,,Rubin
336,William,Jr.,Shotts
337,Ian,,Sommerville
338,Dennis,,Ritchie
339,Brendan,,Burns
340,Adele,,Goldberg
341,Conor,,McBride
342,Andy,,Müller-Maguhn
343,Foster,,Provost
344,Tom,,Mitchell
345,Duncan,,Watts
346,David,,Wood
347,Ming,,Li
348,Alan,,McKean
349,Tatiana,,Diaz
350,David,,III
351,Nelson,,Beebe
352,Mike,,Meyers
353,Bruce,,MacLennan
354,Suzanne,,Robertson
355,David,,Carlisle
356,Peter,,Weinberger
357,Ingrid,,Fiksdahl-King
358,Igal,,Tabachnik
359,Greg,,Michaelson
360,Jeroen,,Janssens
361,Nicholas,,Haemel
362,Felix,,Halim
363,David,,Kennedy
364,Roger,,Pressman
365,J.P.,,Vossen
366,Daniel,,Higginbotham
367,Colin,,Evans
368,Robert,,Nystrom
369,Ron,,White
370,Justin,,Schuh
371,Carlos,,Coronel
372,Matt,,Carter
373,Guy,,Theraulaz
374,Zachary,,Tong
375,Richard,,Stallman
376,David,,Holmes
377,George,,Dyson
378,Kent,,Beck
379,Nathan,,Ensmenger
380,Micah,,Alpern
381,Steven,,Halim
382,Greg,,Riccardi
383,Matthew,,Lyon
384,Dan,,Jurafsky
385,Asanovi,,
386,Richard,,Gabriel
387,Marco,,Dorigo
388,Brian,,Flannery
389,Thomas,,Anderson
390,Ben,,Albahari
391,Gary,,Pollice
392,Jon,,Orwant
393,Dave,,Fancher
394,John,,Smart
395,Wallace,,Wang
396,Julian,,Assange
397,Alex,,Payne
398,Terence,,Parr
399,Kees,,Doets
400,Eldad,,Eilam
401,John,,Zelle
402,Marsha,,Zaidman
403,Kip,,Irvine
404,Deepak,,Alur
405,Magnus,,Christerson
406,Martin,,Abbott
407,F.,,Lawvere
408,Robert,,Harper
409,K.N.,,King
410,Diana,,Wright
411,Daniel,,Velleman
412,Frank,,OBrien
413,Andrew,,Farris
414,Niranjan,,Shivaratri
415,Don,,Jones
416,Adam,,Freeman
417,William,,Cook
418,Andrei,,Alexandrescu
419,Yehuda,,Katz
420,Richard,,Monson-Haefel
421,George,,Kurtz
422,Seth,,Stephens-Davidowitz
423,Martin,,Gardner
424,Bruce,,Lawson
425,Robert,,Knake
426,Ellen,,Ullman
427,John,,Crupi
428,Diana,,Larsen
429,Eric,,Giguere
430,Derek,,Balling
431,Paul,,Ceruzzi
432,Tom,,Fawcett
433,Jeff,,Johnson
434,Jon,,Gertner
435,Yashavant,,Kanetkar
436,Andy,,Oram
437,Kenneth,,Steiglitz
438,Trevor,,Hastie
439,Jeffrey,,Ullman
440,Adrian,,Holovaty
441,Kevin,,Kelly
442,Paul,,Barry
443,Uwe,,SchÃ¶ning
444,John,,Burgess
445,Christopher,,Steiner
446,Eric,,Redmond
447,Jon,,Erickson
448,Timothy,,Gowers
449,Karl,,Matthias
450,Jason,,Fried
451,Jacquelyn,,Carter
452,Jacob,,Appelbaum
453,Andrew,,Glover
454,John,,White
455,Ed,,Yourdon
456,The,,Consortium
457,Michael,,Lucas
458,Raphael,,Malveau
459,Simon,,Marlow
460,Ralph,,Johnson
461,Bjarne,,Stroustrup
462,Jeremy,,Kubica
463,Dan,,Malks
464,Michael,,Folk
465,Allen,,Dutoit
466,Jack,,Falk
467,Andrew,,Tanenbaum
468,Andrew,,Appel
469,Rachel,,Warren
470,Nick,,Rozanski
471,Gunnar,,Overgaard
472,Debra,,Cameron
473,Sanjay,,Patel
474,Greg,,Perry
475,Andrew,,Barto
476,Pedro,,Domingos
477,Mordechai,,Ben-Ari
478,John,,Koza
479,Peter,,Pacheco
480,David,,Bourg
481,Robert,,Martin
482,Philip,,Jackson
483,Paul,,Duvall
484,Paul,,Churchland
485,David,,Patterson
486,Roland,,Mas
487,Imre,,Leader
488,Michael,,Dirolf
489,Jerome,,Saltzer
490,James,,Whittaker
491,Betsy,,Beyer
492,Albert-László,,Barabási
493,Lisa,,Crispin
494,Peter,,Wallack
495,Trend-Pro,,Ltd.
496,Sydney,,Padua
497,Niklaus,,Wirth
498,James,,Foley
499,Lawrence,,Lessig
500,Edward,,Tufte
501,Carl,,Albing
502,Luke,,Hohmann
503,Mark,,Ryan
504,Richard,,Sutton
505,Fletcher,,Dunn
506,George,,Karypis
507,Maurice,,Naftalin
508,John,,Willis
509,Jez,,Humble
510,Neil,,Jones
511,Stanley,,Lippman
512,Simon,,Brown
513,Eric,,Lengyel
514,Marc,,Kreveld
515,Chris,,Jones
516,Andrew,,Hodges
517,Earle,,Castledine
518,F.,,Leighton
519,Philippe,,Flajolet
520,Peter,,Hart
521,Philip,,Japikse
522,Michael,,Ligh
523,Mark,,Richards
524,Gary,,Wright
525,Viktor,,Mayer-Schönberger
526,Gautam,,Shroff
527,Jonathan,,Stoddard
528,Richard,,Hamming
529,Cristina,,Lopes
530,Stoyan,,Stefanov
531,Michael,,Abrash
532,Bradley,,Miller
533,Jim,,Highsmith
534,Anthony,,Molinaro
535,Frank,,Buschmann
536,Peter,,Dayan
537,James,,Gleick
538,Tony,,Mason
539,Nell,,Dale
540,Kevin,,Fall
541,Ryan,,Breidenbach
542,Doug,,Hoyte
543,Remy,,Sharp
544,Chas,,Emerick
545,Daniel,,Shiffman
546,Flavio,,Junqueira
547,Nello,,Cristianini
548,Greg,,Wilson
549,Mike,,Cohn
550,Michael,,Lewis
551,Neal,,Gafter
552,William,,Byrd
553,Frederick,Jr.,Brooks
554,OReilly,,Team
555,Axel,,Rauschmayer
556,Andrew,,Ng
557,William,,Press
558,ACM,,Staff
559,Michael,,Fisher
560,John,,Lewis
561,Simon,,Haykin
562,Jim,,Blandy
563,Herbert,,Schildt
564,Rich,,Gibson
565,Markus,,Winand
566,Seymour,,Papert
567,Raghu,,Ramakrishnan
568,Greg,,Newman
569,Christopher,,Manning
570,Gregor,,Hohpe
571,Roland,,Kuhn
572,Doug,,Cutting
573,Daniel,,Cohen
574,Brian,,Foy
575,Alan,,Mycroft
576,Ian,,Witten
577,Chad,,Fowler
578,Ronen,,Feldman
579,Marvin,,Zelkowitz
580,Mana,,Takahashi
581,John,,Foreman
582,Andries,,Dam
583,John,,Hughes
584,William,,Kent
585,Gene,,Kim
586,Wes,,McKinney
587,Brian,,Totty
588,Matt,,Welsh
589,Gojko,,Adzic
590,Greg,,Nudelman
591,Dean,,Leffingwell
592,Peter,,Salus
593,Jared,,Richardson
594,Willi,,Richert
595,Winston,,Chang
596,Martin,,Odersky
597,Drew,,Neil
598,Gilbert,,Strang
599,Jon,,Loeliger
600,Christos,,Papadimitriou
601,Chris,,Shiflett
602,Glenn,,Greenwald
603,Mike,,Gancarz
604,Kevin,,Beaver
605,James,,Warren
606,Reto,,Meier
607,Jennifer,,Robbins
608,Mike,,Loukides
609,Aaron,,Tenenbaum
610,Anany,,Levitin
611,Joshua,,Bloch
612,Benjamin,,Reed
613,Michael,,Goldwasser
614,Marcus,,Pinto
615,Robert,,Vamosi
616,Tariq,,Rashid
617,Daphne,,Koller
618,James,,Reffell
619,Boaz,,Barak
620,Steven,,Holzner
621,Franz,,Baader
622,Sara,,Baase
623,Christel,,Baier
624,Jon,,Bentley
625,Hadley,,Wickham
626,Jeff,,Atwood
627,John,,Mongan
628,Jeff,,Hammerbacher
629,John,,Mitchell
630,Marc,,Goodman
631,John,,Allen
632,Neil,,Matthew
633,Tony,,Gaddis
634,Timothy,,Lister
635,Carl,,Meyer
636,Amy,,Brown
637,Eric,,Matthes
638,Dan,,Gusfield
639,Vincent,,Massol
640,Robert,,Romano
641,Christer,,Ericson
642,Andreas,,Zeller
643,Carolyn,,Begg
644,Claire,,Evans
645,Dusty,,Phillips
646,Dave,,Agans
647,Mark,,Berg
648,Felipe,,Leme
649,John,,Kelleher
650,Andy,,Hertzfeld
651,Samuel,,Arbesman
652,Max,,Jacobson
653,Yale,,Patt
654,Dick,,Grune
655,Michael,,Stonebraker
656,Tomas,,Akenine-Möller
657,Ken,,Schwaber
658,Michael,,Taylor
659,Grady,,Booch
660,Pete,,Goodliffe
661,Joshua,,Suereth
662,Garth,,Snyder
663,Leo,,Dorst
664,Barry,,OReilly
665,Jennifer,,Greene
666,Douglas,,Schmidt
667,Joseph,,Schmuller
668,Andrew,,Gelman
669,Karl,,Wiegers
670,Andreas,,Wirthensohn
672,Tom,,Liston
673,Dean,,Miller
674,Jakob,,Nielsen
675,Elaine,,Rich
676,Leland,,Purvis
677,Ivan,,Ristic
678,Richard,,Warburton
679,Michel,,Goossens
680,S.,,Cooper
681,Michael,,Mitzenmacher
682,Shamkant,,Navathe
683,Gordon,,Lyon
684,Matthew,,Gast
685,William,,Lidwell
686,Bruce,,Sterling
687,Chuck,,Musciano
688,Benjamin,,Lipchak
689,Peter,,Zaitsev
690,Keith,,Jones
691,Steven,,Levithan
692,Bryan,,OSullivan
693,Ken,,Ledeen
694,Christopher,,Alexander
695,Lar,,Kaufman
696,David,,Leavitt
697,Sam,,Williams
698,Marco,,Cesati
699,Alan,,Turing
700,Ira,,Pohl
701,Ernest,,Nagel
702,Eibe,,Frank
703,George,,Boolos
704,Peter,,Robson
705,Michael,,Lopp
707,Dean,,Wampler
708,Brett,,McLaughlin
709,P.J.,,Plauger
710,Herb,,Sutter
711,Peter,,Kim
712,Russ,,Miles
713,Alex,,Ionescu
714,Prabhakar,,Raghavan
715,Chris,,Anley
716,Mor,,Harchol-Balter
717,Neal,,Stephenson
718,Harry,,Lewis
719,Andriy,,Burkov
720,Vaughn,,Vernon
721,David,,Barber
722,David,,Kahn
723,Toby,,Segaran
724,Holden,,Karau
725,Nancy,,Lynch
726,Shawn,,Hedman
727,Peter,,Hruschka
728,Sailu,,Reddy
729,Christophe,,Grand
730,Daniel,,Holden
731,Joseph,,Bonneau
732,Andrew,,Blum
733,Mark,,Overmars
734,Miran,,LipovaÄa
735,Gerald,,Weinberg
736,Aoife,,DArcy
737,Anthony,,Williams
738,Kent,,Kawahara
739,Jeff,,Duntemann
740,Robert,,Glass
741,Donald,,Yacktman
742,Terrence,,Pratt
743,Rachid,,Guerraoui
744,Jan,,Goyvaerts
745,Steve,,Oualline
746,Edsger,,Dijkstra
747,Jaron,,Lanier
748,Bruce,,Dang
749,Adam,,Tornhill
750,Robert,,Maksimchuk
751,Jon,,Skeet
752,Richard,,Clarke
753,David,,Goldberg
754,Vadim,,Tkachenko
755,Jeff,,Langr
756,Andrew,,Case
757,Ã†leen,,Frisch
758,Robert,,Tibshirani
759,Edward,,Loper
760,Martin,,Kleppmann
761,Narasimha,,Karumanchi
762,Elias,,Bachaalany
763,Adam,,Chlipala
764,Jamie,,Allen
765,Ellen,,Siever
766,Don,,Widrig
767,Laurence,,Abbott
768,Hung,,Nguyen
769,Alvaro,,Videla
770,Nikhil,,Buduma
771,LuÃ­s,,Rodrigues
772,Stephen,,Schanuel
773,Kim,,Zetter
774,Raoul-Gabriel,,Urma
775,Remzi,,Arpaci-Dusseau
776,Linda,,Liukas
777,Mukesh,,Singhal
778,Ron,,Sigal
779,Paul,,Hudak
780,Jonathan,,Rosenberg
781,Duane,,Bibby
782,Ajay,,Agrawal
783,Brendan,,Gregg
784,Trevor,,Foucher
785,Steven,,Bird
786,Jimmy,,Nilsson
787,David,,Herman
788,Aaron,,Hillegass
789,Edward,,Reingold
790,Tom,,White
791,Christopher,,Bishop
792,Cathy,,Lazere
793,Mark,,Chu-Carroll
794,Gerard,,Tel
795,Jeffrey,,Zeldman
796,James,,Grenning
797,Antonio,,Goncalves
798,György,E.,Révész
799,Robert,,Reimann
800,Tom,,Poppendieck
801,William,,Poundstone
802,George,,Reese
803,Susannah,,Pfalzer
804,Chris,,Sims
805,Mark,,Sobell
806,Philipp,,Janert
807,Nicolai,,Josuttis
808,Michael,,Huth
809,Jonathan,,Seldin
810,William,,Couie
811,Dave,,Shreiner
812,Gabriella,,Coleman
813,Douglas,,Comer
814,Indra,,Widjaja
815,Albert,,Woodhull
816,Daniel,,Brolund
817,Jeremy,,Kun
818,Curtis,,Rose
819,Vijay,,Vazirani
820,Leonard,,Richardson
821,Mitchell,,Wand
822,Jonas,,BonA©r
823,Judea,,Pearl
824,Richard,Jr.,Wright
825,Jeff,,Sutherland
826,Scott,,McCartney
827,Mikko,,Lipasti
828,George,,Varghese
829,Alessandro,,Rubini
830,Behrouz,,Forouzan
831,Marc,,Loy
832,Micheline,,Kamber
833,Jamis,,Buck
834,John,,Carlin
835,John,,Lions
836,Ivar,,Jacobson
837,Ben,,Clark
838,Joseph,,Weizenbaum
839,John,,Resig
840,Stephen,,Huston
841,Simon,,Collison
842,Bill,,Phillips
843,Jake,,Vanderplas
844,David,,Black
845,Hans,,Rohnert
846,Arthur,,Riel
847,Doug,,Brown
848,James,,Newman
849,David,,Harris
850,Swaroop,,C.H.
851,Hsuan-Tien,,Lin
852,Dana,,Mackenzie
853,Ray,,Kurzweil
854,Walter,,Isaacson
855,Brian,,Okken
856,Donald,,Knuth
857,Ben,,Forta
858,Hannah,,Fry
859,Philip,,Klein
860,Sanjoy,,Dasgupta
861,Walter,,Savitch
862,Uwe,,Schöning
863,J.,,Scott
864,George,,Neville-Neil
865,Leon,,Breedt
866,Donald,,Norman
867,David,,McFarland
868,Conrad,,Barski
869,Nathaniel,,Popper
870,Martin,,Logan
871,Randall,,Hyde
872,Raymond,,Chen
873,Emil,,Eifrem
874,Kevin,,Murphy
875,A.E.,,Eiben
876,Andreas,,Antonopoulos
877,Dan,,Pilone
878,George,,Luger
879,Nat,,Pryce
880,Mark,,Bowden
881,Eben,,Hewitt
882,Joshua,,Gay
883,Ryan,,Boyd
884,David,,Solomon
885,Alistair,,Cockburn
886,Melanie,,Mitchell
887,Sam,,Ruby
888,B.,,Copeland
889,Clifford,,Stoll
890,Paul,,Butcher
891,Roger,,Penrose
892,Alberto,,Leon-Garcia
893,Thomas,,Sudkamp
894,Gary,,Flake
895,Aurélien,,Géron
896,Susanne,,Teschl
897,Jacob,,Kaplan-Moss
898,Robert,,Sedgewick
899,Tobias,,Klein
900,Rob,,Goodman
901,Jamie,,Bartlett
902,Nicholas,,Carr
903,Steve,,Wozniak
904,Michael,,Dawson
905,J.E.,,Smith
906,Grant,,Ingersoll
907,David,,Anderson
908,Thomas,,Limoncelli
909,Peter,,Kogge
910,Zvonko,,Vranesic
911,Luis,,Coelho
912,Cameron,,Newham
913,Zbigniew,,Michalewicz
914,T.J.,,OConnor
915,Vipin,,Kumar
916,Kristina,,Chodorow
917,Ceriel,,Jacobs
918,Casey,,Reas
919,Mirco,,Mannucci
920,Adnan,,Aziz
921,Luke,,Muehlhauser
922,Daniel,,Dennett
923,Frank,,Mittelbach
924,Marjorie,,Sayer
925,Jeff,,Carollo
926,Kenneth,,Cukier
927,A.K.,,Dewdney
928,Helen,,Gaines
929,Audrey,,Greenfeld
930,M.,,Mano
931,Keith,,Cooper
932,Simon,,Thompson
933,Greg,,Gagne
934,Per,,Hansen
935,Paul,,Wilson
936,Otfried,,Schwarzkopf
937,Nathan,,Torkington
938,David,,Vise
939,Jeremy,,Zawodny
940,Paul,,Horowitz
941,Douglas,,Rushkoff
942,David,,Christiansen
943,Joe,,Celko
944,Samuel,III,Harbison
945,Michael,,Tilson
946,John,,Heasman
947,Yaser,,Abu-Mostafa
948,Eric,,Haines
949,Paul,,Vitányi
950,Noam,,Nisan
951,Mark,,Summerfield
952,Evi,,Nemeth
953,Adewale,,Oshineye
954,John,,Markoff
955,Zach,,Dennis
956,Matthias,,Felleisen
957,Ola,,Ellnestam
958,Peter,,Harrington
959,Aaron,,Weber
960,Anil,,Madhavapeddy
961,Bob,,Baxley
963,Kyle,,Simpson
964,David,,Rogers
965,Jürgen,,Holdorf
966,Warren,,Weaver
967,Ian,,Goodfellow
968,Hillary,,Johnson
969,Barbara,,Moo
970,Justin,,Seitz
971,Eric,,Raymond
972,Edward,,Yourdon
973,Mark,,Seemann
974,Bobbi,,Young
975,Jim,,Conallen
976,Edwin,,Brady
977,Steve,,Krug
978,Jonathan,,Rasmusson
979,Russ,,Olsen
980,Paul,,Vigna
981,Kelsey,,Hightower
982,Caroline,,Jarrett
983,Keith,,Frankish
984,Joseph,,Albahari
985,Allen,,Downey
987,Peter,,Seibel
988,Peter,,Norvig
989,David,,Flanagan
990,April,,Chu
991,Marshall,,McKusick
992,Rick,,Kazman
993,Cynthia,,Andres
994,Francesco,,Cesarini
995,Pavel,,Pevzner
996,Andrew,,Koenig
997,Anshu,,Aggarwal
998,Krzysztof,,Cwalina
999,John,,Pierce
1000,Alexander,,Stepanov
1001,Blake,,Masters
1002,Stephen,,Prata
1003,Thomas,,Cormen
1004,Joshua,,Kerievsky
1005,Niall,,Murphy
1006,Patrick,,Niemeyer
1007,Udi,,Manber
1008,Tom,,Stuart
1009,Kate,,Thompson
1010,Joshua,,Gans
1011,Paolo,,Perrotta
1012,David,,Horn
1013,Lex,,Spoon
1014,Henry,,Korth
1015,Bill,,Wagner
1016,Matt,,Carter
1017,Philip,,Wadler
1018,Pete,,McBreen
1019,Paul,,Graham
1020,Dave,,Hoover
1021,Robert,,Cringely
1022,Stephen,,Davis
1023,Kurt,,Beyer
1024,Christian,,Rudder
1025,Randal,,Schwartz
1026,Alan,,Beaulieu
1027,Jamie,,Taylor
1028,Bill,,Rosenblatt
1029,David,,West
1030,Ben,,Whaley
1031,Donald,,Stewart
1032,Christopher,,Date
1033,Ã‰va,,Tardos
1034,Tadayoshi,,Kohno
1035,George,,Coulouris
1036,Gary,,Gregory
1037,Cricket,,Liu
1038,Elizabeth,,Castro
1039,Jay,,Wengrow
1040,Dave,,Thomas
1041,Murray,,Silverstein
1042,Scott,,Oaks
1043,Apostolos,,Doxiadis
1044,Peter,Linden,der
1045,Robin,,Williams
1046,Saul,,Teukolsky
1047,Anand,,Rajaraman
1048,Daniel,,Bovet
1049,Kevin,,Goldberg
1050,Mark,,Masse
1051,Andrew,,Troelsen
1052,William,,Aspray
1053,Adam,,Shook
1054,Ryan,,Mitchell
1055,Christian,,Cachin
1056,Avi,,Goldfarb
1057,Max,,Kanat-Alexander
1058,Noson,,Yanofsky
1059,Elbert,,Hannah
1060,Bill,,Venners
1061,Rafael,,Gonzalez
1062,Eric,,Bonabeau
1063,Richard,,Trudeau
1064,Ananth,,Grama
1065,Robert,,Daigneau
1066,A†leen,,Frisch
1067,Adam,,Drozdek
1068,Alfred,,Menezes
1069,Hal,,Stern
1070,P.W.,,Singer
1071,Shoko,,Azuma
1072,Malik,,Magdon-Ismail
1073,Daniel,,Greenfeld
1074,Kurt,,Mehlhorn
1075,Kevin,,Leyton-Brown
1076,Scott,,Page
1077,Brian,,Christian
1078,John,,Neumann
1079,Jane,,Margolis
1080,Adrian,,Kaehler
1081,Allen,,Harper
1082,Steven,,Muchnick
1083,Herbert,,Simon
1084,Stuart,,Halloway
1085,Ken,,Arnold
1086,Joseph,,Hellerstein
1087,Rob,,Conery
1088,Gerard,,Meszaros
1089,Kritina,,Holden
1090,Niels,,Ferguson
1091,Annie,,Donna
1092,Jim,,Gray
1093,Oleg,,Kiselyov
1094,Ian,,Wienand
1095,Trevor,,Burnham
1096,Josh,,Patterson
1097,Amy,,Langville
1098,C.A.R.,,Hoare
1099,Susanna,,Epp
1100,Rina,,Dechter
1101,Eric,,Sink
1102,Carlos,,Varela
1103,Lawrie,,Brown
1104,Jonathan,,Corbet
1105,Andrew,,Rudoff
1106,James,,Gosling
1107,Steve,,Maguire
1108,Michael,,Howard
1109,Audrey,,Roy
1110,David,,Easley
1112,Jean,,Dollimore
1113,James,,Sanger
1114,Gerald,,Teschl
1115,Eric,,Merritt
1116,Damian,,Conway
1117,Roy,,Osherove
1118,Randy,,Pausch
1119,Scott,,Millett
1120,Hays,McCormick,Skip
1121,Jack,,Koziol
1122,John,,Allspaw
1123,Jonathan,,Bartlett
1124,Eli,,Bressert
1125,Julia,,Lobur
1126,David,,Fogel
1127,Dafydd,,Stuttard
1128,Jason,,Arbon
1129,Thomas,,Fuchs
1130,Charlie,,Hunt
1131,Patrik,,Jonsson
1132,Benjamin,,Pierce
1133,Sanjeev,,Arora
1134,Noah,,Suojanen
1135,Jeffrey,,Hicks
1136,Brian,,Macnamee
1137,Ada,,Lovelace
1138,Ehud,,Shapiro
1139,Jim,,Webber
1140,Josée,,Lajoie
1141,Scott,,Granneman
1142,Clinton,,Gormley
1143,David,,Kadavy
1144,James,,Broad
1145,Bryan,,Basham
1146,Yehuda,,Lindell
1147,Richard,,Stones
1148,Len,,Bass
1149,Leon,,Sterling
1150,Stephen,,Brown
1151,Max,,Kuhn
1152,Jim,,Ottaviani
1153,Nick,,Bilton
1154,Jesse,,Storimer
1155,Leslie,,Valiant
1156,Robert,,Love
1157,Robert,,Lafore
1158,Michael,,Heath
1159,D.S.,,Malik
1160,Richard,,Carlsson
1161,Raphaël,,Hertzog
1162,Haralambos,,Marmanis
1163,John,,Miller
1164,Hubert,,Dreyfus
1165,Michael,,Sikorski
1166,Erik,,Brynjolfsson
1167,Ramez,,Elmasri
1168,Erik,,Buck
1169,Ron,,Patton
1170,Brian,,Kernighan
1171,Dmitry,,Babenko
1172,Yves,,Bertot
1173,37,,Signals
1174,Dustin,,Boswell
1175,Bertrand,,Meyer
1176,Stephen,,Mann
1177,David,,Hansson
1178,Brian,,Hardy
1179,Sandra,,Blakeslee
1180,Mason,,Woo
1181,Rod,,Stephens
1182,Andrew,,Bruce
1183,Martin,,Campbell-Kelly
1184,James,,Elliott
1185,J.,,Hindley
1186,Michael,,Engle
1187,Kenneth,,Louden
1188,Mig,,Greengard
1189,Richard,,Jones
1190,Alex,,Tapscott
1191,Frank,,Pasquale
1192,Gene,,Spafford
1193,Raymond,,Smullyan
1194,Christopher,,Allen
1195,Julie,,Moronuki
1196,Craig,,Walls
1197,Bruce,,Schneier
1198,Caleb,,Doxsey
1199,John,,Vlissides
1200,Dave,,Astels
1201,Reshma,,Saujani
1202,Noam,,Nison
1203,Drew,,Conway
1204,James,,Martin
1205,Maurice,,Bach
1206,Stephen,,Marsland
1207,Andy,,Terrel
1208,Joe,,Kutner
1209,Brian,,Jones
1210,Andrew,,Davison
1211,Nachum,,Dershowitz
1212,Matthew,,Hahn
1213,Mark,,Weiss
1214,Kevin,,Mitnick
1215,John,,Ousterhout
1216,Elisabeth,,Hendrickson
1217,Wesley,,Chun
1218,Tim,,Wu
1219,Ian,,Robinson
1220,Gigi,,Estabrook
1221,Andy,,Hunt
1222,Alexandre,,Gazet
1223,James,,Barrat
1224,Joel,,Grus
1225,Doug,,Hellmann
1226,Jonathan,,Knudsen
1227,Patricia,,Churchland
1228,David,,Ascher
1229,Antonio,,MartAfÂ­nez
1230,Michael,,Fogus
1231,Richard,,Szeliski
1232,Michael,,Casey
1233,Ben,,Fry
1234,David,,Kushner
1235,Daniel,,Fontijne
1236,Ole-Johan,,Dahl
1237,Ben,,Klemens
1238,V.,,Hamacher
1239,Patrick,,Engebretson
1240,Alex,,Martelli
1241,Scott,,Meyers
1242,Justin,,Zobel
1243,Thomas,,Morton
1244,Douglas,,West
1245,Jill,,Butler
1246,Marvin,,Minsky
1247,Savas,,Parastatidis
1248,John,,Goerzen
1249,Donald,,Reinertsen
1250,Aaron,,Gustafson
1251,Winfield,,Hill
1252,Aslak,,Hellesoy
1253,Tim,,OReilly
1254,John,,Guttag
1255,Isaac,,Chuang
1256,Robin,,Milner
1257,Pekka,,Himanen
1258,Vitalik,,Buterin
1259,Nathan,,Yau
1260,Michael,,Wittig
1261,Craig,,Hunt
1262,Michael,,Morrison
1263,David,,Rensin
1264,Christian,,Queinnec
1265,Rachel,,Schutt
1266,Brett,,Slatkin
1267,Yedidyah,,Langsam
1268,Donald,,Miner
1269,Daniel,,Friedman
1270,David,,Agans
1271,Thomas,,Cover
1272,Cristopher,,Moore
1273,Jeremy,,Keith
1274,Richard,,Duda
1275,Jay,,Fields
1276,Joel,,Spolsky
1277,John,,Levine
1278,Bill,,Kennedy
1279,Steven,,Levy
1280,David,,Diamond
1281,Glynn,,Winskel
1282,Gary,,Cornell
1283,W.,,Stevens
1284,Aaron,,Walters
1285,Peter,,Shirley
1286,Shriram,,Krishnamurthi
1287,Alan,,Shalloway
1288,Sarah,,Harris
1289,Karim,,Yaghmour
1290,Al,,Sweigart
1291,Debasish,,Ghosh
1292,William,,Mougayar
1293,Stephane,,Faroult
1294,Brett,,Lantz
1295,Michael,,Goodrich
1296,Eric,,Schmidt
1297,Raimondo,,Pictet
1298,Brian,,Ward
1299,Peter,,Denning
1300,Vint,,Cert
1301,Peter,,Abel
1302,Cory,,Doctorow
1303,Matei,,Zaharia
1305,Elisabeth,,Robson
1306,Sean,,Kane
1307,Eric,,Lehman
1308,Al,,Kelley
1309,John,,Gall
1310,Yaron,,Minsky
1311,Glyn,,Moody
1312,Jon,,Stokes
1313,Joel,,Scambray
1314,Eric,,Freeman
1315,Ken,,Thompson
1316,John,,Lakos
1317,Andrew,,Huang
1319,Paul,,McJones
1320,Ewan,,Klein
1321,Artur,,Ejsmont
1322,Hans,Baeyer,Von
1323,Joy,,Beatty
1324,William,,Stallings
1325,Satnam,,Alag
1327,George,,Fairbanks
1328,Linda,,Lamb
1329,Ian,,Millington
1330,Andy,,Budd
1331,Stephen,,Kochan
1332,Yukihiro,,Matsumoto
1333,Bobby,,Woolf
1334,Guy,Jr.,Steele
1335,Leland,,Wilkinson
1336,Parmy,,Olson
1337,Bartosz,,Milewski
1338,Jerry,,Peek
1339,Peter,,Galvin
1340,Doug,,Lea
1341,David,,Simon
1342,Arvind,,Narayanan
1343,Edward,,Felten
1344,Elaine,,Weyuker
1345,Martin,,Erwig
1346,Michael,,Hiltzik
1347,Johannes,,Gehrke
1348,Carl,,Gunter
1349,Pat,,Shaughnessy
1350,Michal,,Zalewski
1351,Alan,Donovan,A.
1352,Joanne,,Molesky
1353,William,,Vetterling
1354,Kathy,,Sierra
1355,Esther,,Derby
1356,Jeffrey,,Ulman
1357,Hartmut,,Bohnacker
1358,Cem,,Kaner
1359,Jonathan,,Gennick
1360,Cole,,Knaflic
1361,Michael,,Nygard
1362,Umesh,,Vazirani
1363,G.,,Zachary
1364,Nigel,,Cutland
1365,Joe,,Beda
1366,Glenford,,Myers
1367,Eric,,Roberts
1368,Gabe,,Zichermann
1369,John,,McDonald
1370,Peter,,Rob
1371,Steve,,McConnell
1372,Steven,,Goldfeder
1373,Mark,,Fenoglio
1374,Max,,Tegmark
1375,Laurie,,Wallmark
1376,Colleen,,Gorman
1377,Bear,,Bibeault
1378,Nicholas,,Zakas
1379,Herbert,,Mattord
1380,Bernd,,Bruegge
1381,Don,,Tapscott
1382,Jason,,Brownlee
1383,Anthony,,Hey
1384,Jiawei,,Han
1385,Andreas,,Schwarz
1386,Jennifer,,Widom
1387,Larry,,Wall
1388,Seth,,Lloyd
